<?xml version="1.0" encoding="UTF-8"?>
<Korisnici>
    <Korisnik>
        <Ime>Tin</Ime>
        <Prezime>Lulić</Prezime>
        <Username>theLula</Username>
        <Password>Hngje38ag</Password>
    </Korisnik>
    <Korisnik>
        <Ime>Marko</Ime>
        <Prezime>Rebić</Prezime>
        <Username>Rebiniho221</Username>
        <Password>ReboOo123</Password>
    </Korisnik>
    <Korisnik>
        <Ime>Ivo</Ime>
        <Prezime>Zrnić</Prezime>
        <Username>ZrnatiGmaz6</Username>
        <Password>GmazRatol212</Password>
    </Korisnik>
    <Korisnik>
        <Ime>Vlado</Ime>
        <Prezime>Vezić</Prezime>
        <Username>VezanoKobilo999</Username>
        <Password>Vezaniokobiloooo</Password>
    </Korisnik>
    <Korisnik>
        <Ime>Luka</Ime>
        <Prezime>Posavec</Prezime>
        <Username>Lukaski17</Username>
        <Password>Lulalujs44</Password>
    </Korisnik>
</Korisnici>